service_name,provider_name,care_type,organisation_type,address,suburb,postcode,latitude,longitude,source_note
Campbell Place,Australian Unity Care Services Pty Ltd,Residential,Private Incorporated Body,129 Coleman Parade,Glen Waverley,3150,-37.8791,145.159111999999,"Aged Care Service List (data.gov.au / Dept of Health, Disability and Ageing), 30 June 2025"
Emmy Monash Aged Care,Emmy Monash Aged Care Inc,Residential,Religious,518-526 Dandenong Road,Caulfield North,3161,-37.866235,145.026589,"Aged Care Service List (data.gov.au / Dept of Health, Disability and Ageing), 30 June 2025"
AdventCare Whitehorse,Seventh-Day Adventist Aged Care (Victoria) Ltd,Residential,Religious,163-165 Central Road,Nunawading,3131,-37.8246589999999,145.167496999999,"Aged Care Service List (data.gov.au / Dept of Health, Disability and Ageing), 30 June 2025"
Churches of Christ Oak Towers Aged Care Service,Churches of Christ in Queensland,Residential,Religious,139 Atherton Road,Oakleigh,3166,-37.8993439999999,145.097873999999,"Aged Care Service List (data.gov.au / Dept of Health, Disability and Ageing), 30 June 2025"
Uniting AgeWell Box Hill,Uniting Agewell Limited,Residential,Religious,75 Thames Street,Box Hill,3128,-37.813741,145.123748,"Aged Care Service List (data.gov.au / Dept of Health, Disability and Ageing), 30 June 2025"
Regis East Malvern,Regis Aged Care Pty Ltd,Residential,Private Incorporated Body,400 Waverley Road,Malvern East,3145,-37.8780009999999,145.063516999999,"Aged Care Service List (data.gov.au / Dept of Health, Disability and Ageing), 30 June 2025"
Villa Maria Catholic Homes John R Hannah Aged Care Residence,Villa Maria Catholic Homes Limited,Residential,Charitable,68 Wattle Grove,Mulgrave,3170,-37.933211,145.158478,"Aged Care Service List (data.gov.au / Dept of Health, Disability and Ageing), 30 June 2025"
Box Hill Views Care Community,DPG Services Pty Ltd,Residential,Private Incorporated Body,40 Dorking Road,Box Hill,3128,-37.816395,145.131322,"Aged Care Service List (data.gov.au / Dept of Health, Disability and Ageing), 30 June 2025"
Cumberland View Aged Care - Whalley Drive,Tingari Group Pty Ltd,Residential,Private Incorporated Body,123-127 Whalley Drive,Wheelers Hill,3150,-37.922744,145.198647999999,"Aged Care Service List (data.gov.au / Dept of Health, Disability and Ageing), 30 June 2025"
Regis Alawarra Lodge,Regis Aged Care Pty Ltd,Residential,Private Incorporated Body,220 Middleborough Road,Blackburn South,3130,-37.838993,145.137869999999,"Aged Care Service List (data.gov.au / Dept of Health, Disability and Ageing), 30 June 2025"
Vermont Views Care Community,DPG Services Pty Ltd,Residential,Private Incorporated Body,39 Livingstone Road,Vermont South,3133,-37.854967,145.180252999999,"Aged Care Service List (data.gov.au / Dept of Health, Disability and Ageing), 30 June 2025"
Outlook Gardens Aged Care,Association for Christian Senior Citizens Homes Inc,Residential,Religious,504 Police Road,Dandenong North,3175,-37.940133,145.211218,"Aged Care Service List (data.gov.au / Dept of Health, Disability and Ageing), 30 June 2025"
Mercy Place Dandenong,Mercy Aged and Community Care Ltd,Residential,Charitable,82 McCrae Street,Dandenong,3175,-37.990931,145.219925999999,"Aged Care Service List (data.gov.au / Dept of Health, Disability and Ageing), 30 June 2025"
Oaklea Hall,Aged Care Group Pty Ltd,Residential,Private Incorporated Body,4-8 Earlstown Road,Oakleigh,3166,-37.899467,145.085326,"Aged Care Service List (data.gov.au / Dept of Health, Disability and Ageing), 30 June 2025"
Arcare Cheltenham,Arcare Pty Ltd,Residential,Private Incorporated Body,161A Centre Dandenong Road,Cheltenham,3192,-37.967784,145.075837,"Aged Care Service List (data.gov.au / Dept of Health, Disability and Ageing), 30 June 2025"
Lifeview Argyle Court,Chevron Corporation Pty Ltd,Residential,Private Incorporated Body,81-83 Argyle Avenue,Chelsea,3196,-38.052612,145.127941999999,"Aged Care Service List (data.gov.au / Dept of Health, Disability and Ageing), 30 June 2025"
Calvary Kingston Gardens,Calvary Aged Care Limited,Residential,Charitable,173-213 Clarke Road,Springvale South,3172,-37.974812,145.144835,"Aged Care Service List (data.gov.au / Dept of Health, Disability and Ageing), 30 June 2025"
Cheltenham Parkside Care Community,DPG Services Pty Ltd,Residential,Private Incorporated Body,13 Eagland Road,Cheltenham,3192,-37.971397,145.075934999999,"Aged Care Service List (data.gov.au / Dept of Health, Disability and Ageing), 30 June 2025"
Estia Health Bentleigh,Estia Investments Pty Ltd,Residential,Private Incorporated Body,34-36 Clairmont Avenue,Bentleigh,3204,-37.921903,145.026873999999,"Aged Care Service List (data.gov.au / Dept of Health, Disability and Ageing), 30 June 2025"
Cheltenham Manor,Cheltenham Manor Pty Ltd,Residential,Private Incorporated Body,10-12 Bendigo Street,Cheltenham,3192,-37.964255,145.059497999999,"Aged Care Service List (data.gov.au / Dept of Health, Disability and Ageing), 30 June 2025"
Malvern East Horizons Care Community,DPG Services Pty Ltd,Residential,Private Incorporated Body,235 WAVERLEY Road,Malvern East,3145,-37.878214,145.066624999999,"Aged Care Service List (data.gov.au / Dept of Health, Disability and Ageing), 30 June 2025"
Allambee Nursing Home Kingston Centre,Monash Health,Residential,State Government,376 Warrigal Road,Cheltenham,3192,-37.9575499999999,145.078759999999,"Aged Care Service List (data.gov.au / Dept of Health, Disability and Ageing), 30 June 2025"
Boollam Boollam Aged Care Centre,Monash Health,Residential,State Government,376 Warrigal Road,Cheltenham,3192,-37.9575499999999,145.078759999999,"Aged Care Service List (data.gov.au / Dept of Health, Disability and Ageing), 30 June 2025"
Mooraleigh Hostel,Monash Health,Residential,State Government,748 Centre Road,Bentleigh East,3165,-37.921796,145.062735,"Aged Care Service List (data.gov.au / Dept of Health, Disability and Ageing), 30 June 2025"
Mercy Place Nixon,Mercy Aged and Community Care Ltd,Residential,Charitable,27 Chute Street,Mordialloc,3195,-38.006919,145.092352,"Aged Care Service List (data.gov.au / Dept of Health, Disability and Ageing), 30 June 2025"
Mordialloc Grove Care Community,DPG Services Pty Ltd,Residential,Private Incorporated Body,45-51 Elliot Street,Mordialloc,3195,-37.996777,145.095255,"Aged Care Service List (data.gov.au / Dept of Health, Disability and Ageing), 30 June 2025"
Regis Inala Lodge,Regis Aged Care Pty Ltd,Residential,Private Incorporated Body,220 Middleborough Road,Blackburn South,3130,-37.838993,145.137869999999,"Aged Care Service List (data.gov.au / Dept of Health, Disability and Ageing), 30 June 2025"
HammondCare - The Glens,HammondCare,Residential,Charitable,294 Kooyong Road,Caulfield,3162,-37.884303,145.01713,"Aged Care Service List (data.gov.au / Dept of Health, Disability and Ageing), 30 June 2025"
mecwacare Trescowthick Centre,MECWA,Residential,Community Based,70 Charles Street,Prahran,3181,-37.84877,144.989194999999,"Aged Care Service List (data.gov.au / Dept of Health, Disability and Ageing), 30 June 2025"
The Alexander Aged Care Centre,Premier Aged Care Pty Ltd,Residential,Private Incorporated Body,1720 Dandenong Road,Clayton,3168,-37.912745,145.123838,"Aged Care Service List (data.gov.au / Dept of Health, Disability and Ageing), 30 June 2025"
Bolton Clarke Bayside (VIC),RSL Care RDNS Limited,Residential,Charitable,5 McDonald Street,Mordialloc,3195,-38.004942,145.087186,"Aged Care Service List (data.gov.au / Dept of Health, Disability and Ageing), 30 June 2025"
Bolton Clarke Avonlea,RSL Care RDNS Limited,Residential,Charitable,3-7 Patty Street,Mentone,3194,-37.9767009999999,145.054612999999,"Aged Care Service List (data.gov.au / Dept of Health, Disability and Ageing), 30 June 2025"
Graceland Manor,Graceland Hostel Services Pty Ltd,Residential,Private Incorporated Body,508 Glenhuntly Road,Elsternwick,3185,-37.885542,145.010051,"Aged Care Service List (data.gov.au / Dept of Health, Disability and Ageing), 30 June 2025"
Estia Health Dandenong,Estia Investments Pty Ltd,Residential,Private Incorporated Body,147-151 David Street,Dandenong,3175,-37.977784,145.224264,"Aged Care Service List (data.gov.au / Dept of Health, Disability and Ageing), 30 June 2025"
Waverley Valley Care Community,DPG Services Pty Ltd,Residential,Private Incorporated Body,29-33 Chesterville Road,Glen Waverley,3150,-37.869467,145.159051,"Aged Care Service List (data.gov.au / Dept of Health, Disability and Ageing), 30 June 2025"
Noble Gardens Residential Aged Care,Great Oaks Pty Ltd,Residential,Private Incorporated Body,55 Thomas Street,Noble Park,3174,-37.9726349999999,145.17784,"Aged Care Service List (data.gov.au / Dept of Health, Disability and Ageing), 30 June 2025"
Villa Maria Catholic Homes Ashwood Aged Care Residence,Villa Maria Catholic Homes Limited,Residential,Charitable,54 Queens Parade,Ashwood,3147,-37.870454,145.095195999999,"Aged Care Service List (data.gov.au / Dept of Health, Disability and Ageing), 30 June 2025"
Estia Health Keysborough,Estia Investments Pty Ltd,Residential,Private Incorporated Body,15 Stanley Road,Keysborough,3173,-37.9951799999999,145.16927,"Aged Care Service List (data.gov.au / Dept of Health, Disability and Ageing), 30 June 2025"
HammondCare - Caulfield Village,HammondCare,Residential,Charitable,260 Kooyong Road,Caulfield,3162,-37.884303,145.01713,"Aged Care Service List (data.gov.au / Dept of Health, Disability and Ageing), 30 June 2025"
Bolton Clarke Claremont Terrace,RSL Care RDNS Limited,Residential,Charitable,231-253 McKinnon Road,Mckinnon,3204,-37.911341,145.041977,"Aged Care Service List (data.gov.au / Dept of Health, Disability and Ageing), 30 June 2025"
Bolton Clarke Highwood Court,RSL Care RDNS Limited,Residential,Charitable,359 Warrigal Road,Burwood,3125,-37.8530939999999,145.095371,"Aged Care Service List (data.gov.au / Dept of Health, Disability and Ageing), 30 June 2025"
Belvedere Aged Care,Belvedere Aged Care Pty Ltd,Residential,Private Incorporated Body,41-43 Fintonia Road,Noble Park,3174,-37.9619679999999,145.185759999999,"Aged Care Service List (data.gov.au / Dept of Health, Disability and Ageing), 30 June 2025"
Glen Waverley Nursing Home,Menarock Aged Care Services (Victoria) Pty Ltd,Residential,Private Incorporated Body,982 High Street Road,Glen Waverley,3150,-37.877076,145.188153,"Aged Care Service List (data.gov.au / Dept of Health, Disability and Ageing), 30 June 2025"
Estia Health Oakleigh East,Estia Investments Pty Ltd,Residential,Private Incorporated Body,23a Elizabeth Street,Oakleigh,3166,-37.8983819999999,145.109746,"Aged Care Service List (data.gov.au / Dept of Health, Disability and Ageing), 30 June 2025"
Jewish Care (VIC) Inc Residential Homes Carnegie,Jewish Care (Victoria) Inc,Residential,Religious,1 Wahgoo Road,Carnegie,3163,-37.8950979999999,145.063468999999,"Aged Care Service List (data.gov.au / Dept of Health, Disability and Ageing), 30 June 2025"
Chelsea Parkside Care Community,DPG Services Pty Ltd,Residential,Private Incorporated Body,87 Argyle Avenue,Chelsea,3196,-38.0522449999999,145.129048,"Aged Care Service List (data.gov.au / Dept of Health, Disability and Ageing), 30 June 2025"
Rosehill Aged Care Facility,Menarock Aged Care Services (Victoria) Pty Ltd,Residential,Private Incorporated Body,12 Maxflo Court,Highett,3190,-37.9529289999999,145.031902,"Aged Care Service List (data.gov.au / Dept of Health, Disability and Ageing), 30 June 2025"
Arcare Malvern East,Arcare Pty Ltd,Residential,Private Incorporated Body,1997-2005 Malvern Road,Malvern East,3145,-37.871841,145.063936,"Aged Care Service List (data.gov.au / Dept of Health, Disability and Ageing), 30 June 2025"
Uniting AgeWell Noble Park,Uniting Agewell Limited,Residential,Religious,1312 Heatherton Road,Noble Park,3174,-37.9672339999999,145.190573999999,"Aged Care Service List (data.gov.au / Dept of Health, Disability and Ageing), 30 June 2025"
Arcare Surrey Hills,Arcare Pty Ltd,Residential,Private Incorporated Body,18 Florence Road,Surrey Hills,3127,-37.828287,145.102336,"Aged Care Service List (data.gov.au / Dept of Health, Disability and Ageing), 30 June 2025"
Villa Maria Catholic Homes O'Neill Aged Care Residence,Villa Maria Catholic Homes Limited,Residential,Charitable,101 Lewisham Road North,Prahran,3181,-37.851047,144.999294999999,"Aged Care Service List (data.gov.au / Dept of Health, Disability and Ageing), 30 June 2025"
Parkdale Aged Care,Aged Care Group Pty Ltd,Residential,Private Incorporated Body,43-45 Herbert Street,Parkdale,3195,-37.9965809999999,145.077326999999,"Aged Care Service List (data.gov.au / Dept of Health, Disability and Ageing), 30 June 2025"
Calvary Springvale,Calvary Aged Care Limited,Residential,Charitable,340-344 Springvale Road,Springvale,3171,-37.957017,145.151092,"Aged Care Service List (data.gov.au / Dept of Health, Disability and Ageing), 30 June 2025"
Bupa Bonbeach,Bupa Aged Care Australia Pty Ltd,Residential,Private Incorporated Body,55-57 Broadway,Chelsea,3196,-38.0549079999999,145.130392,"Aged Care Service List (data.gov.au / Dept of Health, Disability and Ageing), 30 June 2025"
Vermont Aged Care,Georjose Pty Ltd,Residential,Private Incorporated Body,770 Canterbury Road,Vermont,3133,-37.833472,145.209425,"Aged Care Service List (data.gov.au / Dept of Health, Disability and Ageing), 30 June 2025"
Elizabeth Gardens Burwood,Royal Freemasons Ltd,Residential,Charitable,2 Elizabeth Street,Burwood,3125,-37.858128,145.09576,"Aged Care Service List (data.gov.au / Dept of Health, Disability and Ageing), 30 June 2025"
Yarraman Nursing Home,Monash Health,Residential,State Government,22 B Yarraman Road,Noble Park,3174,-37.977285,145.180885999999,"Aged Care Service List (data.gov.au / Dept of Health, Disability and Ageing), 30 June 2025"
Warrawee Nursing Home,City of Glen Eira,Residential,Local Government,854a Centre Road,Bentleigh East,3165,-37.923093,145.072994999999,"Aged Care Service List (data.gov.au / Dept of Health, Disability and Ageing), 30 June 2025"
Regis Blackburn,Regis Aged Care Pty Ltd,Residential,Private Incorporated Body,40 Central Road,Blackburn,3130,-37.8239299999999,145.159918,"Aged Care Service List (data.gov.au / Dept of Health, Disability and Ageing), 30 June 2025"
Monash Gardens,Royal Freemasons Ltd,Residential,Charitable,355 Wellington Road,Mulgrave,3170,-37.9190609999999,145.165479,"Aged Care Service List (data.gov.au / Dept of Health, Disability and Ageing), 30 June 2025"
Brimlea Aged Care,Five Star Care Pty Ltd,Residential,Private Incorporated Body,21 Railway Parade,Murrumbeena,3163,-37.8920689999999,145.069985,"Aged Care Service List (data.gov.au / Dept of Health, Disability and Ageing), 30 June 2025"
Clarinda on the Park,Anglican Aged Care Services Group,Residential,Religious,21-25 Inverness Street,Clarinda,3169,-37.931212,145.106873,"Aged Care Service List (data.gov.au / Dept of Health, Disability and Ageing), 30 June 2025"
Bupa Caulfield,Bupa Aged Care Australia Pty Ltd,Residential,Private Incorporated Body,349-351a North Road,Caulfield South,3162,-37.902234,145.028304999999,"Aged Care Service List (data.gov.au / Dept of Health, Disability and Ageing), 30 June 2025"
Surrey Hills Gardens Care Community,DPG Services Pty Ltd,Residential,Private Incorporated Body,9-17 Broughton Road,Surrey Hills,3127,-37.827812,145.104245999999,"Aged Care Service List (data.gov.au / Dept of Health, Disability and Ageing), 30 June 2025"
Lifeview The Willows,Farwell Nominees Pty Ltd,Residential,Private Incorporated Body,171-175 Jells Road,Wheelers Hill,3150,-37.907797,145.188659,"Aged Care Service List (data.gov.au / Dept of Health, Disability and Ageing), 30 June 2025"
Uniting AgeWell Strathdon Community,Uniting Agewell Limited,Residential,Religious,17 Jolimont Road,Forest Hill,3131,-37.8429179999999,145.172681,"Aged Care Service List (data.gov.au / Dept of Health, Disability and Ageing), 30 June 2025"
Bolton Clarke Lexington Gardens,RSL Care RDNS Limited,Residential,Charitable,18 Villa Road,Springvale,3171,-37.948227,145.142149999999,"Aged Care Service List (data.gov.au / Dept of Health, Disability and Ageing), 30 June 2025"
Fronditha Clayton Aged Care,Fronditha Care,Residential,Community Based,94 Springs Road,Clayton South,3169,-37.936301,145.108060999999,"Aged Care Service List (data.gov.au / Dept of Health, Disability and Ageing), 30 June 2025"
Chelsea Manor Care Community,DPG Services Pty Ltd,Residential,Private Incorporated Body,7-11 Beardsworth Avenue,Chelsea,3196,-38.04918,145.123057999999,"Aged Care Service List (data.gov.au / Dept of Health, Disability and Ageing), 30 June 2025"
Regis Dandenong North,Regis Aged Care Pty Ltd,Residential,Private Incorporated Body,5 Bakers Road,Dandenong North,3175,-37.9544119999999,145.196678999999,"Aged Care Service List (data.gov.au / Dept of Health, Disability and Ageing), 30 June 2025"
Victoria Grange Residential Aged Care Facility,Australian Unity Care Services Pty Ltd,Residential,Private Incorporated Body,502-514 Burwood Highway,Vermont South,3133,-37.8582109999999,145.185177,"Aged Care Service List (data.gov.au / Dept of Health, Disability and Ageing), 30 June 2025"
Mulgrave Rise Care Community,DPG Services Pty Ltd,Residential,Private Incorporated Body,181 Hansworth Street,Mulgrave,3170,-37.9333329999999,145.188392999999,"Aged Care Service List (data.gov.au / Dept of Health, Disability and Ageing), 30 June 2025"
Calvary Scottvale,Calvary Aged Care Limited,Residential,Charitable,71 Scott Street,Dandenong,3175,-37.9858619999999,145.205623,"Aged Care Service List (data.gov.au / Dept of Health, Disability and Ageing), 30 June 2025"
Noble Manor Residential Aged Care,Great Oaks Pty Ltd,Residential,Private Incorporated Body,33 Frank Street,Noble Park,3174,-37.9679179999999,145.173173999999,"Aged Care Service List (data.gov.au / Dept of Health, Disability and Ageing), 30 June 2025"
Victoria by the Park,Provectus Care Pty Limited,Residential,Private Incorporated Body,27 Victoria Street,Elsternwick,3185,-37.8874819999999,145.010078999999,"Aged Care Service List (data.gov.au / Dept of Health, Disability and Ageing), 30 June 2025"
Arcare Carnegie,Arcare Pty Ltd,Residential,Private Incorporated Body,47 Rosanna Street,Carnegie,3163,-37.899079,145.061587,"Aged Care Service List (data.gov.au / Dept of Health, Disability and Ageing), 30 June 2025"
mecwacare Malvern Centre,MECWA,Residential,Community Based,1245-1247 Malvern Road,Malvern,3144,-37.852116,145.034874,"Aged Care Service List (data.gov.au / Dept of Health, Disability and Ageing), 30 June 2025"
Wintringham Eunice Seddon Home,WINTRINGHAM LIMITED,Residential,Charitable,34 Potter Street,Dandenong,3175,-37.9817019999999,145.203927999999,"Aged Care Service List (data.gov.au / Dept of Health, Disability and Ageing), 30 June 2025"
Villa Maria Catholic Homes Corpus Christi Aged Care Residence,Villa Maria Catholic Homes Limited,Residential,Charitable,80 Clayton Road,Clayton,3168,-37.913957,145.121877,"Aged Care Service List (data.gov.au / Dept of Health, Disability and Ageing), 30 June 2025"
Alfred Health Transition Care Program,Department of Health,Transition Care,State Government,260 Kooyong Road,Caulfield,3162,-37.884303,145.01713,"Aged Care Service List (data.gov.au / Dept of Health, Disability and Ageing), 30 June 2025"
Monash Health Transition Care Program,Department of Health,Transition Care,State Government,"Kingston Centre, Warrigal Road",Cheltenham,3192,-37.9524029999999,145.076831999999,"Aged Care Service List (data.gov.au / Dept of Health, Disability and Ageing), 30 June 2025"
Bupa Clayton,Bupa Aged Care Australia Pty Ltd,Residential,Private Incorporated Body,12 BURTON Avenue,Clayton,3168,-37.9266179999999,145.116016,"Aged Care Service List (data.gov.au / Dept of Health, Disability and Ageing), 30 June 2025"
Melbourne Hebrew Memorial Nursing Home,Jewish Care (Victoria) Inc,Residential,Religious,4-8 Freeman Street,Caulfield,3162,-37.8867249999999,145.029809999999,"Aged Care Service List (data.gov.au / Dept of Health, Disability and Ageing), 30 June 2025"
Mount Waverley Glades Care Community,DPG Services Pty Ltd,Residential,Private Incorporated Body,444-454 Waverley Road,Mount Waverley,3149,-37.885804,145.135313999999,"Aged Care Service List (data.gov.au / Dept of Health, Disability and Ageing), 30 June 2025"
Arcare Caulfield,Arcare Pty Ltd,Residential,Private Incorporated Body,141 Kooyong Road,Caulfield North,3161,-37.873832,145.017107,"Aged Care Service List (data.gov.au / Dept of Health, Disability and Ageing), 30 June 2025"
Arcare Keysborough,Arcare Pty Ltd,Residential,Private Incorporated Body,85 Stanley Road,Keysborough,3173,-38.001772,145.167886,"Aged Care Service List (data.gov.au / Dept of Health, Disability and Ageing), 30 June 2025"
Estia Health Glen Waverley,Estia Investments Pty Ltd,Residential,Private Incorporated Body,2 B Grace Street,Glen Waverley,3150,-37.8792649999999,145.156391,"Aged Care Service List (data.gov.au / Dept of Health, Disability and Ageing), 30 June 2025"
Arcare Parkview Malvern East,Arcare Pty Ltd,Residential,Private Incorporated Body,1287-1291 Dandenong Road,Malvern East,3145,-37.884973,145.073644999999,"Aged Care Service List (data.gov.au / Dept of Health, Disability and Ageing), 30 June 2025"
AccessCare Southern,Kingston City Council,Home Care,Local Government,34 Brindisi Street,Mentone,3194,-37.984423,145.063525999999,"Aged Care Service List (data.gov.au / Dept of Health, Disability and Ageing), 30 June 2025"
Alfred Health,Alfred Health,Home Care,State Government,260 Kooyong Road,Caulfield,3162,-37.884303,145.01713,"Aged Care Service List (data.gov.au / Dept of Health, Disability and Ageing), 30 June 2025"
Australian Home Care - Eastern Metro,Australian Home Care Services Pty Ltd,Home Care,Private Incorporated Body,"Suite 1, 2 Brandon Park Drive",Wheelers Hill,3150,-37.904553,145.163822,"Aged Care Service List (data.gov.au / Dept of Health, Disability and Ageing), 30 June 2025"
Australian Home Care - Southern Metro,Australian Home Care Services Pty Ltd,Home Care,Private Incorporated Body,"Suite 1, 2 Brandon Park Drive",Wheelers Hill,3150,-37.904553,145.163822,"Aged Care Service List (data.gov.au / Dept of Health, Disability and Ageing), 30 June 2025"
Baptcare - Southern HCP 2,Baptcare Ltd,Home Care,Religious,"Level 1, 280 Thomas Street",Dandenong,3175,-37.9858589999999,145.212851,"Aged Care Service List (data.gov.au / Dept of Health, Disability and Ageing), 30 June 2025"
Calvary Silver Circle,Calvary Community Care,Home Care,Religious,433 South Road,Bentleigh,3204,-37.933041,145.036554999999,"Aged Care Service List (data.gov.au / Dept of Health, Disability and Ageing), 30 June 2025"
CCSSCI CACPs Northern,Chinese Community Social Services Centre Limited,Home Care,Charitable,56-60 RUTLAND ROAD,Box Hill,3128,-37.8204339999999,145.127657999999,"Aged Care Service List (data.gov.au / Dept of Health, Disability and Ageing), 30 June 2025"
CCSSCI CACPs Southern,Chinese Community Social Services Centre Limited,Home Care,Charitable,56-60 RUTLAND ROAD,Box Hill,3128,-37.820421,145.127664,"Aged Care Service List (data.gov.au / Dept of Health, Disability and Ageing), 30 June 2025"
mecwacare Home Care Packages 2 (Southern Metro Region),MECWA,Home Care,Community Based,1287 Malvern Road,Malvern,3144,-37.852367,145.036581,"Aged Care Service List (data.gov.au / Dept of Health, Disability and Ageing), 30 June 2025"
mecwacare Home Care Packages 3 (Southern Metro Region),MECWA,Home Care,Community Based,1287 Malvern Road,Malvern,3144,-37.852367,145.036581,"Aged Care Service List (data.gov.au / Dept of Health, Disability and Ageing), 30 June 2025"
mecwacare Home Care Packages 4 (Southern Metro Region),MECWA,Home Care,Community Based,1287 Malvern Road,Malvern,3144,-37.852367,145.036581,"Aged Care Service List (data.gov.au / Dept of Health, Disability and Ageing), 30 June 2025"
Enrich Living Pty Ltd - VIC Southern Region 1,MyHomecare Pty Ltd,Home Care,Private Incorporated Body,"Level 3, Building and Business District, 2107-2125 Dandenong",Clayton,3168,-37.9220529999999,145.140052999999,"Aged Care Service List (data.gov.au / Dept of Health, Disability and Ageing), 30 June 2025"
Enrich Living Pty Ltd - VIC Southern Region 2,MyHomecare Pty Ltd,Home Care,Private Incorporated Body,"Level 3, Building and Business District, 2107-2125 Dandenong",Clayton,3168,-37.9220529999999,145.140052999999,"Aged Care Service List (data.gov.au / Dept of Health, Disability and Ageing), 30 June 2025"
Enrich Living Pty Ltd - VIC,MyHomecare Pty Ltd,Home Care,Private Incorporated Body,"Level 3, Building and Business District, 2107-2125 Dandenong",Clayton,3168,-37.9220529999999,145.140052999999,"Aged Care Service List (data.gov.au / Dept of Health, Disability and Ageing), 30 June 2025"
Community Support Options Community Aged Care Packages,Monash Health,Home Care,State Government,51 Buckingham Avenue,Springvale,3171,-37.952596,145.151083999999,"Aged Care Service List (data.gov.au / Dept of Health, Disability and Ageing), 30 June 2025"
Community Support Options General Community Aged Care Packages,Monash Health,Home Care,State Government,"Floor Number 4, 229 THOMAS Street",Dandenong,3175,-37.987147,145.212348999999,"Aged Care Service List (data.gov.au / Dept of Health, Disability and Ageing), 30 June 2025"
Community Support Options Housing Linked Community Aged Care Packages,Monash Health,Home Care,State Government,51 Buckingham Avenue,Springvale,3171,-37.952596,145.151083999999,"Aged Care Service List (data.gov.au / Dept of Health, Disability and Ageing), 30 June 2025"
Eastern Metro Care Packages Project,Fronditha Care,Home Care,Community Based,16 Anzed Court,Mulgrave,3170,-37.9210959999999,145.15018,"Aged Care Service List (data.gov.au / Dept of Health, Disability and Ageing), 30 June 2025"
KinCare CACP - Eastern Metropolitan,KinCare Health Services Pty Ltd,Home Care,Charitable,"Unit 26, 270 Ferntree Gully Road",Notting Hill,3168,-37.9000249999999,145.130190999999,"Aged Care Service List (data.gov.au / Dept of Health, Disability and Ageing), 30 June 2025"
Kincare CACP - Northern Metropolitan,KinCare Health Services Pty Ltd,Home Care,Charitable,"Unit 26, 270 Ferntree Gully Road",Notting Hill,3168,-37.9000249999999,145.130190999999,"Aged Care Service List (data.gov.au / Dept of Health, Disability and Ageing), 30 June 2025"
KinCare CACP - Southern Metropolitan,KinCare Health Services Pty Ltd,Home Care,Charitable,"Unit 26, 270 Ferntree Gully Road",Notting Hill,3168,-37.9000249999999,145.130190999999,"Aged Care Service List (data.gov.au / Dept of Health, Disability and Ageing), 30 June 2025"
KinCare CACP - Western Metropolitan,KinCare Health Services Pty Ltd,Home Care,Charitable,"Unit 26, 270 Ferntree Gully Road",Notting Hill,3168,-37.9000249999999,145.130190999999,"Aged Care Service List (data.gov.au / Dept of Health, Disability and Ageing), 30 June 2025"
KinCare EACH - Eastern Metropolitan,KinCare Health Services Pty Ltd,Home Care,Charitable,"Unit 26, 270 Ferntree Gully Road",Notting Hill,3168,-37.9000249999999,145.130190999999,"Aged Care Service List (data.gov.au / Dept of Health, Disability and Ageing), 30 June 2025"
mecwacare Home Care Packages 1 (Southern Metro Region),MECWA,Home Care,Community Based,1287 Malvern Road,Malvern,3144,-37.852367,145.036581,"Aged Care Service List (data.gov.au / Dept of Health, Disability and Ageing), 30 June 2025"
Mercy Home & Community Care - EACH Southern,Mercy Aged and Community Care Ltd,Home Care,Charitable,259 Jasper Road,Mckinnon,3204,-37.912036,145.042585,"Aged Care Service List (data.gov.au / Dept of Health, Disability and Ageing), 30 June 2025"
Northern Metro Care Packages Project,Fronditha Care,Home Care,Community Based,16 Anzed Court,Mulgrave,3170,-37.9210959999999,145.15018,"Aged Care Service List (data.gov.au / Dept of Health, Disability and Ageing), 30 June 2025"
Partners In Care - General,RusCare Ltd,Home Care,Religious,13 Conway Street,Dandenong,3175,-37.996775,145.202887,"Aged Care Service List (data.gov.au / Dept of Health, Disability and Ageing), 30 June 2025"
Partners In Care - Non English Speaking Background,RusCare Ltd,Home Care,Religious,13 Conway Street,Dandenong,3175,-37.996775,145.202887,"Aged Care Service List (data.gov.au / Dept of Health, Disability and Ageing), 30 June 2025"
RDNS Community Care Southern Melbourne,Royal District Nursing Service Limited,Home Care,Charitable,92 Kooyong Road,Caulfield North,3161,-37.8705339999999,145.018139999999,"Aged Care Service List (data.gov.au / Dept of Health, Disability and Ageing), 30 June 2025"
Southern Metro Care Packages Project,Fronditha Care,Home Care,Community Based,16 Anzed Court,Mulgrave,3170,-37.9210959999999,145.15018,"Aged Care Service List (data.gov.au / Dept of Health, Disability and Ageing), 30 June 2025"
Baptcare - Southern HCP 4,Baptcare Ltd,Home Care,Religious,"Level 1, 280 Thomas Street",Dandenong,3175,-37.9858589999999,145.212851,"Aged Care Service List (data.gov.au / Dept of Health, Disability and Ageing), 30 June 2025"
Baptcare - Southern HCP 3,Baptcare Ltd,Home Care,Religious,"Level 1, 280 Thomas Street",Dandenong,3175,-37.9858589999999,145.212851,"Aged Care Service List (data.gov.au / Dept of Health, Disability and Ageing), 30 June 2025"
St John of Kronstadt Southern Metro EACH,RusCare Ltd,Home Care,Religious,13 Conway Street,Dandenong,3175,-37.996775,145.202887,"Aged Care Service List (data.gov.au / Dept of Health, Disability and Ageing), 30 June 2025"
St John's Park,Anglican Aged Care Services Group,Home Care,Religious,"LEVEL 1, 15-33 ALFRED STREET",Blackburn,3130,-37.8200519999999,145.158633,"Aged Care Service List (data.gov.au / Dept of Health, Disability and Ageing), 30 June 2025"
Uniting AgeWell Eastern Metro Home Care,Uniting Agewell Limited,Home Care,Religious,9 JOLIMONT Road,Forest Hill,3131,-37.842917,145.172682,"Aged Care Service List (data.gov.au / Dept of Health, Disability and Ageing), 30 June 2025"
Vietnamese HCPs Eastern Metro,Australian Vietnamese Women's Association,Home Care,Community Based,8 Parsons Avenue,Springvale,3171,-37.945565,145.150963999999,"Aged Care Service List (data.gov.au / Dept of Health, Disability and Ageing), 30 June 2025"
Vision Australia Care Packages - Southern Metro,Vision Australia Limited,Home Care,Charitable,45 Princes Highway,Dandenong,3175,-37.9828419999999,145.211252,"Aged Care Service List (data.gov.au / Dept of Health, Disability and Ageing), 30 June 2025"
Western Metro Care Packages Project,Fronditha Care,Home Care,Community Based,16 ANZED COURT,Mulgrave,3170,-37.9210989999999,145.150198999999,"Aged Care Service List (data.gov.au / Dept of Health, Disability and Ageing), 30 June 2025"
Wintringham - Southern Metro Region,WINTRINGHAM LIMITED,Home Care,Charitable,372 South Road,Moorabbin,3189,-37.9337459999999,145.038299999999,"Aged Care Service List (data.gov.au / Dept of Health, Disability and Ageing), 30 June 2025"
Wintringham - South East Metro Region,WINTRINGHAM LIMITED,Home Care,Charitable,"Unit 22, 31 Fiveways Boulevard",Keysborough,3173,-37.989674,145.153528999999,"Aged Care Service List (data.gov.au / Dept of Health, Disability and Ageing), 30 June 2025"
mecwacare Home Care Packages (Western Metro Region),MECWA,Home Care,Community Based,1287 Malvern Road,Malvern,3144,-37.852367,145.036581,"Aged Care Service List (data.gov.au / Dept of Health, Disability and Ageing), 30 June 2025"
mecwacare Home Care Packages (Eastern Metro Region),MECWA,Home Care,Community Based,1287 Malvern Road,Malvern,3144,-37.852367,145.036581,"Aged Care Service List (data.gov.au / Dept of Health, Disability and Ageing), 30 June 2025"
mecwacare Home Care Packages (Northern Metro Region),MECWA,Home Care,Community Based,1287 Malvern Road,Malvern,3144,-37.852367,145.036581,"Aged Care Service List (data.gov.au / Dept of Health, Disability and Ageing), 30 June 2025"
CCSSCI Western Home Care,Chinese Community Social Services Centre Limited,Home Care,Charitable,56-60 RUTLAND ROAD,Box Hill,3128,-37.8204339999999,145.127657999999,"Aged Care Service List (data.gov.au / Dept of Health, Disability and Ageing), 30 June 2025"
Parkglen Homecare Services,Parkglen Friendly Society Limited,Home Care,Charitable,360 Cheltenham Road,Keysborough,3173,-37.994056,145.164406,"Aged Care Service List (data.gov.au / Dept of Health, Disability and Ageing), 30 June 2025"
Grand Cedar,Aged Care Group Pty Ltd,Residential,Private Incorporated Body,61-63 High Street Road,Ashwood,3147,-37.866106,145.097019999999,"Aged Care Service List (data.gov.au / Dept of Health, Disability and Ageing), 30 June 2025"
New Service - 2012 - Life Without Barriers (Victoria),Life Without Barriers,Home Care,Community Based,"Level 2, 1-7 Langhorne Street",Dandenong,3175,-37.9867229999999,145.214722999999,"Aged Care Service List (data.gov.au / Dept of Health, Disability and Ageing), 30 June 2025"
Cumberland View Hostel Home Care Packages,The Village Care Managers Pty Ltd,Home Care,Private Incorporated Body,123-127 Whalley Drive,Wheelers Hill,3150,-37.922744,145.198647999999,"Aged Care Service List (data.gov.au / Dept of Health, Disability and Ageing), 30 June 2025"
CCSSCI Eastern Home Care,Chinese Community Social Services Centre Limited,Home Care,Charitable,56-60 RUTLAND ROAD,Box Hill,3128,-37.8204339999999,145.127657999999,"Aged Care Service List (data.gov.au / Dept of Health, Disability and Ageing), 30 June 2025"
Enrich Living Pty Ltd - VIC East Metro Region,MyHomecare Pty Ltd,Home Care,Private Incorporated Body,"Level 3, Building and Business District, 2107-2125 Dandenong",Clayton,3168,-37.9220529999999,145.140052999999,"Aged Care Service List (data.gov.au / Dept of Health, Disability and Ageing), 30 June 2025"
Weary Dunlop Retirement Village,Ryman Aged Care (Australia) Pty Ltd,Residential,Private Incorporated Body,242 Jells Road,Wheelers Hill,3150,-37.911717,145.188484999999,"Aged Care Service List (data.gov.au / Dept of Health, Disability and Ageing), 30 June 2025"
Mercy Home & Community Care - Yarra Ranges,Mercy Aged and Community Care Ltd,Home Care,Charitable,259 Jasper Road,Mckinnon,3204,-37.912036,145.042585,"Aged Care Service List (data.gov.au / Dept of Health, Disability and Ageing), 30 June 2025"
"HCR - Home Care Packages, Eastern Metropolitan",Argent Nominees Pty Ltd,Home Care,Private Incorporated Body,"Level 3, 2107 Dandenong Road",Clayton,3168,-37.9220529999999,145.140052999999,"Aged Care Service List (data.gov.au / Dept of Health, Disability and Ageing), 30 June 2025"
"HCR - Home Care Packages, Southern Metropolitan",Argent Nominees Pty Ltd,Home Care,Private Incorporated Body,"Level 3, 2107 Dandenong Road",Clayton,3168,-37.9220529999999,145.140052999999,"Aged Care Service List (data.gov.au / Dept of Health, Disability and Ageing), 30 June 2025"
mecwacare Home Care Packages 5 (Southern Metro Region),MECWA,Home Care,Community Based,1287 Malvern Road,Malvern,3144,-37.852367,145.036581,"Aged Care Service List (data.gov.au / Dept of Health, Disability and Ageing), 30 June 2025"
Nellie Melba Retirement Village,Ryman Aged Care (Australia) Pty Ltd,Residential,Private Incorporated Body,2 Collegium Avenue,Wheelers Hill,3150,-37.9048889999999,145.164659,"Aged Care Service List (data.gov.au / Dept of Health, Disability and Ageing), 30 June 2025"
Home Care Packages - Loddon-Mallee,KinCare Health Services Pty Ltd,Home Care,Charitable,"Suite 26, 270 Ferntree Gully Road",Notting Hill,3168,-37.900072,145.131138999999,"Aged Care Service List (data.gov.au / Dept of Health, Disability and Ageing), 30 June 2025"
Caulfield Horizons Care Community,DPG Services Pty Ltd,Residential,Private Incorporated Body,6-8 Northcote Avenue,Caulfield North,3161,-37.8767959999999,145.024124,"Aged Care Service List (data.gov.au / Dept of Health, Disability and Ageing), 30 June 2025"
Monash Health Community Aged Care Packages,Monash Health,Home Care,State Government,51 Buckingham Avenue,Springvale,3171,-37.952596,145.151083999999,"Aged Care Service List (data.gov.au / Dept of Health, Disability and Ageing), 30 June 2025"
KinCare Vic Gippsland,KinCare Health Services Pty Ltd,Home Care,Charitable,"Unit 26, 270 Ferntree Gully Road",Notting Hill,3168,-37.9000249999999,145.130190999999,"Aged Care Service List (data.gov.au / Dept of Health, Disability and Ageing), 30 June 2025"
KinCare Vic Grampians,KinCare Health Services Pty Ltd,Home Care,Charitable,"Unit 26, 270 Ferntree Gully Road",Notting Hill,3168,-37.9000249999999,145.130190999999,"Aged Care Service List (data.gov.au / Dept of Health, Disability and Ageing), 30 June 2025"
Calvary The Highbury,Calvary Aged Care Limited,Residential,Charitable,684 Highbury Road,Glen Waverley,3150,-37.862515,145.171900999999,"Aged Care Service List (data.gov.au / Dept of Health, Disability and Ageing), 30 June 2025"
Oakleigh Manor Care Community,DPG Services Pty Ltd,Residential,Private Incorporated Body,1055 Centre Road,Oakleigh South,3167,-37.9243499999999,145.086638999999,"Aged Care Service List (data.gov.au / Dept of Health, Disability and Ageing), 30 June 2025"
Regis Home Care Eastern Metro,Regis Aged Care Pty Ltd,Home Care,Private Incorporated Body,Milpara 220 Middleborough Road,Blackburn South,3130,-37.838011,145.138081999999,"Aged Care Service List (data.gov.au / Dept of Health, Disability and Ageing), 30 June 2025"
Tianshi Community Care Trust Trading as TSC Home and Community Care,Angels Health Service Australia Pty Ltd,Home Care,Private Incorporated Body,"Suite 7, 10-12 Prospect Street",Box Hill,3128,-37.818109,145.118883,"Aged Care Service List (data.gov.au / Dept of Health, Disability and Ageing), 30 June 2025"
Just-for-u,JFU Job Seek Pty Ltd,Home Care,Private Incorporated Body,"OFFICE 202, 13-15 CHESTERVILLE STREET",Cheltenham,3192,-37.960774,145.056338,"Aged Care Service List (data.gov.au / Dept of Health, Disability and Ageing), 30 June 2025"
STRC Southern Metro,Royal District Nursing Service Limited,Short-Term Restorative Care (STRC),Charitable,"Level L1, ATT PACKAGED CARE, 347 Burwood Highway",Forest Hill,3131,-37.854112,145.166018,"Aged Care Service List (data.gov.au / Dept of Health, Disability and Ageing), 30 June 2025"
CCSSCI Chinese Restorative Care,Chinese Community Social Services Centre Limited,Short-Term Restorative Care (STRC),Charitable,56-60 RUTLAND ROAD,Box Hill,3128,-37.8204339999999,145.127657999999,"Aged Care Service List (data.gov.au / Dept of Health, Disability and Ageing), 30 June 2025"
Accommodation and Care Solutions,Accommodation and Care Solutions Pty Ltd,Home Care,Private Incorporated Body,1 avoca Street,Highett,3190,-37.954534,145.03218,"Aged Care Service List (data.gov.au / Dept of Health, Disability and Ageing), 30 June 2025"
Prestige Inhome Care,Prestige Inhome Care Pty Ltd,Home Care,Private Incorporated Body,"SUITE 101, LEVEL 1, 1 COCHRANES ROAD",Moorabbin,3189,-37.9426109999999,145.063508,"Aged Care Service List (data.gov.au / Dept of Health, Disability and Ageing), 30 June 2025"
Local Guardians,Local Guardians Pty Ltd,Home Care,Private Incorporated Body,18 DIXON STREET,Malvern,3144,-37.861983,145.037426,"Aged Care Service List (data.gov.au / Dept of Health, Disability and Ageing), 30 June 2025"
Beata Homecare Pty Ltd,Beata Homecare Pty Ltd,Home Care,Private Incorporated Body,"Unit 1, 37-39 Rickets Road",Mount Waverley,3149,-37.894308,145.133376999999,"Aged Care Service List (data.gov.au / Dept of Health, Disability and Ageing), 30 June 2025"
Caring Support @ home,Prosperous S&G Pty Ltd,Home Care,Private Incorporated Body,"Unit 3, 28 Jarrah Drive",Braeside,3195,-38.0032539999999,145.109868,"Aged Care Service List (data.gov.au / Dept of Health, Disability and Ageing), 30 June 2025"
Dovida Melbourne Inner South & Bayside,Bismatro Pty Ltd,Home Care,Private Incorporated Body,"SUITE 3, 596 NORTH ROAD",Ormond,3204,-37.9043819999999,145.041497999999,"Aged Care Service List (data.gov.au / Dept of Health, Disability and Ageing), 30 June 2025"
Arcare Nirvana Avenue,Arcare Pty Ltd,Residential,Private Incorporated Body,408 Waverley Road,Malvern East,3145,-37.878129,145.064594999999,"Aged Care Service List (data.gov.au / Dept of Health, Disability and Ageing), 30 June 2025"
Dovida Melbourne Eastern Suburbs,Grace and Ease Pty Ltd,Home Care,Private Incorporated Body,22 KING STREET,Blackburn,3130,-37.820542,145.164008999999,"Aged Care Service List (data.gov.au / Dept of Health, Disability and Ageing), 30 June 2025"
Care Companions (Monash) Pty Ltd,Care Companions (Monash) Pty Ltd,Home Care,Private Incorporated Body,171 ELEY ROAD,Blackburn South,3130,-37.847754,145.15142,"Aged Care Service List (data.gov.au / Dept of Health, Disability and Ageing), 30 June 2025"
Active Community Group,D.E.G Pty Ltd,Home Care,Private Incorporated Body,4 Watts Street,Box Hill,3128,-37.8176539999999,145.125510999999,"Aged Care Service List (data.gov.au / Dept of Health, Disability and Ageing), 30 June 2025"
Home Care and Flexible Care,Punman Pty Ltd,Home Care,Private Incorporated Body,212 Railway Parade,Noble Park,3174,-37.9752739999999,145.188392999999,"Aged Care Service List (data.gov.au / Dept of Health, Disability and Ageing), 30 June 2025"
Comm Care,Comm Care Pty Ltd,Home Care,Private Incorporated Body,"Building 1 Level 1 Suite 1, 303-313 Burwood Highway",Burwood East,3151,-37.853503,145.161485999999,"Aged Care Service List (data.gov.au / Dept of Health, Disability and Ageing), 30 June 2025"
Calvary The Regent,Calvary Aged Care Limited,Residential,Charitable,35-39 Regent Street,Mount Waverley,3149,-37.8830529999999,145.136816,"Aged Care Service List (data.gov.au / Dept of Health, Disability and Ageing), 30 June 2025"
In-home care,Texplore Pty Ltd,Home Care,Private Incorporated Body,"OFFICE 28, LEVEL 1, 270 FERNTREE GULLY ROAD",Notting Hill,3168,-37.900199,145.131405,"Aged Care Service List (data.gov.au / Dept of Health, Disability and Ageing), 30 June 2025"
Australian Unity Home Care,Australian Unity Retirement Living Management Pty Ltd,Short-Term Restorative Care (STRC),Private Incorporated Body,818 Whitehorse Road,Box Hill,3128,-37.817404,145.115893,"Aged Care Service List (data.gov.au / Dept of Health, Disability and Ageing), 30 June 2025"
John Flynn Retirement Village,Ryman Aged Care (Australia) Pty Ltd,Residential,Private Incorporated Body,6 Foundation Boulevard,Burwood East,3151,-37.851058,145.135386,"Aged Care Service List (data.gov.au / Dept of Health, Disability and Ageing), 30 June 2025"
Happy Living,Argent Nominees Pty Ltd,Home Care,Private Incorporated Body,"Level 3, 2107 Dandenong Road",Clayton,3168,-37.9220529999999,145.140052999999,"Aged Care Service List (data.gov.au / Dept of Health, Disability and Ageing), 30 June 2025"
RDNS - STRC - Northern & Western Metro,Royal District Nursing Service Limited,Short-Term Restorative Care (STRC),Charitable,"Level L1, ATT PACKAGED CARE, 347 Burwood Highway",Forest Hill,3131,-37.854112,145.166018,"Aged Care Service List (data.gov.au / Dept of Health, Disability and Ageing), 30 June 2025"
mecwacare Jubilee House,MECWA,Residential,Community Based,52 Northcote Avenue,Caulfield North,3161,-37.8782369999999,145.029379,"Aged Care Service List (data.gov.au / Dept of Health, Disability and Ageing), 30 June 2025"
Home Care Assistance South East Melbourne,Quantum Care Services Pty Ltd,Home Care,Private Incorporated Body,"Unit 13, 417-419 Warrigal Road",Cheltenham,3192,-37.9505109999999,145.075476,"Aged Care Service List (data.gov.au / Dept of Health, Disability and Ageing), 30 June 2025"
Bert Newton Retirement Village,Ryman Aged Care (Australia) Pty Ltd,Residential,Private Incorporated Body,32-40 Graham Road,Highett,3190,-37.951929,145.041669,"Aged Care Service List (data.gov.au / Dept of Health, Disability and Ageing), 30 June 2025"
Carers Network,CNA Group Pty Ltd,Home Care,Private Incorporated Body,"Suite 6, 758 Blackburn Road",Clayton,3168,-37.9105369999999,145.141525,"Aged Care Service List (data.gov.au / Dept of Health, Disability and Ageing), 30 June 2025"
Just Home Care Packages,Argent Nominees Pty Ltd,Home Care,Private Incorporated Body,"Level 3, 2107 Dandenong Road",Clayton,3168,-37.9220529999999,145.140052999999,"Aged Care Service List (data.gov.au / Dept of Health, Disability and Ageing), 30 June 2025"
Melbourne Home Care,Southern Cross Care (SA NT & VIC) Incorporated,Home Care,Religious,"Level 2, 990 Whitehorse Road",Box Hill,3128,-37.818578,145.124846999999,"Aged Care Service List (data.gov.au / Dept of Health, Disability and Ageing), 30 June 2025"
Better Living,Argent Nominees Pty Ltd,Home Care,Private Incorporated Body,"Level 3, 2107 Dandenong Road",Clayton,3168,-37.9220529999999,145.140052999999,"Aged Care Service List (data.gov.au / Dept of Health, Disability and Ageing), 30 June 2025"
Calvary Huntly Suites,Calvary Aged Care Limited,Residential,Charitable,476 Kooyong Road,Caulfield South,3162,-37.897106,145.013081,"Aged Care Service List (data.gov.au / Dept of Health, Disability and Ageing), 30 June 2025"
TLC Whitewater,Great Oaks Pty Ltd,Residential,Private Incorporated Body,84 White Street,Mordialloc,3195,-38.0000969999999,145.096743,"Aged Care Service List (data.gov.au / Dept of Health, Disability and Ageing), 30 June 2025"
Uniting AgeWell Southern Metro Home Care UVT,Uniting Agewell Limited,Home Care,Religious,68-74 Atherton Road,Oakleigh,3166,-37.899272,145.09277,"Aged Care Service List (data.gov.au / Dept of Health, Disability and Ageing), 30 June 2025"
Mark & Sylvie's Home Care,Atticus Health Pty Ltd,Home Care,Private Incorporated Body,260 Highett Road,Highett,3190,-37.948588,145.039366999999,"Aged Care Service List (data.gov.au / Dept of Health, Disability and Ageing), 30 June 2025"
Hazel Home Care,Western HomeCare Pty. Ltd.,Home Care,Private Incorporated Body,"Office 28, 207 Riddell Parade",Elsternwick,3185,-37.888306,145.003735,"Aged Care Service List (data.gov.au / Dept of Health, Disability and Ageing), 30 June 2025"
Pearl Home Care Melbourne East,Pearl Home Care Pty Ltd,Home Care,Private Incorporated Body,"SHOP 8, 166 WHITEHORSE ROAD",Blackburn,3130,-37.8181739999999,145.155437,"Aged Care Service List (data.gov.au / Dept of Health, Disability and Ageing), 30 June 2025"
Pearl Home Care South Yarra,Pearl Home Care Pty Ltd,Home Care,Private Incorporated Body,"SUITE 798, LEVEL 2 (UL40), 1341 DANDENONG ROAD",Chadstone,3148,-37.8852199999999,145.078786,"Aged Care Service List (data.gov.au / Dept of Health, Disability and Ageing), 30 June 2025"
Sunny Homecare Services Pty Ltd,Sunny Homecare Services Pty Ltd,Home Care,Private Incorporated Body,273 BLACKBURN ROAD,Mount Waverley,3149,-37.877836,145.147133999999,"Aged Care Service List (data.gov.au / Dept of Health, Disability and Ageing), 30 June 2025"
Vitalcare Support Pty Ltd,Vitalcare Support Pty Ltd,Home Care,Private Incorporated Body,"SHOP 4, 394 398 MIDDLEBOROUGH ROAD",Blackburn,3130,-37.820362,145.138511999999,"Aged Care Service List (data.gov.au / Dept of Health, Disability and Ageing), 30 June 2025"
Australian Unity Home Care Service - Eastern Metro,Australian Unity Home Care Service Pty Ltd,Home Care,Private Incorporated Body,"SHOP 2, 253-269 WELLINGTON ROAD",Mulgrave,3170,-37.9177889999999,145.154978,"Aged Care Service List (data.gov.au / Dept of Health, Disability and Ageing), 30 June 2025"
JOJO Support at Home,JoJo Stay at Home Pty Ltd,Home Care,Private Incorporated Body,3 PAUL AVENUE,Box Hill North,3129,-37.797921,145.119393,"Aged Care Service List (data.gov.au / Dept of Health, Disability and Ageing), 30 June 2025"
Australian Unity Home Care Service - Southern Metro,Australian Unity Home Care Service Pty Ltd,Home Care,Private Incorporated Body,"SHOP 2, 253-269 WELLINGTON ROAD",Mulgrave,3170,-37.917062,145.155595,"Aged Care Service List (data.gov.au / Dept of Health, Disability and Ageing), 30 June 2025"
Nurse Next Door Melbourne South East,Australian Home Healthcare Services Pty Ltd,Home Care,Private Incorporated Body,1265 NEPEAN HIGHWAY,Cheltenham,3192,-37.962108,145.055741,"Aged Care Service List (data.gov.au / Dept of Health, Disability and Ageing), 30 June 2025"
Nurse Next Door Bayside,Australian Home Healthcare Services Pty Ltd,Home Care,Private Incorporated Body,"SUITE 1, 6 RIDDELL PARADE",Elsternwick,3185,-37.8847349999999,145.002092,"Aged Care Service List (data.gov.au / Dept of Health, Disability and Ageing), 30 June 2025"
Mercy Place Mentone,Mercy Aged and Community Care Ltd,Residential,Charitable,101 103 COLLINS STREET,Mentone,3194,-37.979892,145.064586999999,"Aged Care Service List (data.gov.au / Dept of Health, Disability and Ageing), 30 June 2025"
Outlook Christian Living Home Care,Association for Christian Senior Citizens Homes Inc,Home Care,Religious,"Administration Building Outlook Gardens Aged Care, 504 POLIC",Dandenong North,3175,-37.939374,145.211696999999,"Aged Care Service List (data.gov.au / Dept of Health, Disability and Ageing), 30 June 2025"
Australian Unity Home Care Service - Gippsland,Australian Unity Home Care Service Pty Ltd,Home Care,Private Incorporated Body,253 269 WELLINGTON ROAD,Mulgrave,3170,-37.917774,145.154982999999,"Aged Care Service List (data.gov.au / Dept of Health, Disability and Ageing), 30 June 2025"
